[{"code":"3DH0M6","passport":"DE4878783","name":"peter","surname":"john","departure":"sharjah","arrival":"tokyo","seat":"6f","date":"5/2/23","departureTime":"13:45","boarding":"13:05"},{"code":"123456","passport":"SPECI2014","name":"rashed","surname":"rashed","departure":"dubai","arrival":"newyork","seat":"5B","date":"29/1/23","departureTime":"23:50","boarding":"23:10"},{"code":"U5LV0L","passport":"Q5654","name":"david","surname":"komil","departure":"dubai","arrival":"tanzania","seat":"7E","date":"3/2/23","departureTime":"11:50","boarding":"11:10"}]